region,year,n_operational,mw_operational,n_withdrawn,mw_withdrawn,active_gw_total,active_gw_excl_hybrid,hybrid_in_active_total,pct_mw_dated_operational,pct_mw_dated_withdrawn,operational_series_usable,withdrawn_series_usable,year_complete,demand_years_available,n_withdrawn_vs_median,mw_withdrawn_vs_median,likely_reform_driven
PJM,2000,11,430.8,12,6121.0,,,,99.1,96.2,True,True,True,False,0.08,0.32,False
PJM,2001,20,1083.5,14,6091.9,,,,99.1,96.2,True,True,True,False,0.09,0.31,False
PJM,2002,27,5772.4,71,30652.8,,,,99.1,96.2,True,True,True,False,0.47,1.58,False
PJM,2003,21,3870.9,32,9423.1,,,,99.1,96.2,True,True,True,False,0.21,0.49,False
PJM,2004,27,3051.0,30,7329.3,,,,99.1,96.2,True,True,True,False,0.2,0.38,False
PJM,2005,20,3080.1,43,7962.0,,,,99.1,96.2,True,True,True,False,0.28,0.41,False
PJM,2006,31,2480.4,43,8408.4,,,,99.1,96.2,True,True,True,False,0.28,0.43,False
PJM,2007,44,1582.9,33,13829.0,,,,99.1,96.2,True,True,True,False,0.22,0.71,False
PJM,2008,58,2826.8,80,24258.8,,,,99.1,96.2,True,True,True,False,0.52,1.25,False
PJM,2009,32,1502.4,107,30255.5,,,,99.1,96.2,True,True,True,False,0.7,1.56,False
PJM,2010,47,2244.3,135,17223.0,,,,99.1,96.2,True,True,True,False,0.89,0.89,False
PJM,2011,67,3773.6,248,11502.8,,,,99.1,96.2,True,True,True,False,1.63,0.59,False
PJM,2012,59,3192.8,272,32897.9,,,,99.1,96.2,True,True,True,False,1.78,1.69,False
PJM,2013,44,742.7,178,24843.8,,,,99.1,96.2,True,True,True,False,1.17,1.28,False
PJM,2014,38,3068.3,152,15518.0,61.89,61.89,False,99.1,96.2,True,True,True,False,1.0,0.8,False
PJM,2015,72,4385.7,142,13122.0,80.66,80.66,False,99.1,96.2,True,True,True,False,0.93,0.68,False
PJM,2016,75,7243.4,212,23385.3,71.61,71.61,False,99.1,96.2,True,True,True,False,1.39,1.2,False
PJM,2017,63,5567.8,220,15040.5,65.78,65.78,False,99.1,96.2,True,True,True,False,1.44,0.77,False
PJM,2018,59,12464.7,264,29781.0,88.39,88.39,False,99.1,96.2,True,True,True,False,1.73,1.53,False
PJM,2019,49,4353.8,292,33470.3,108.21,108.21,False,99.1,96.2,True,True,True,True,1.91,1.72,False
PJM,2020,78,3029.3,288,25127.2,152.77,144.72,True,99.1,96.2,True,True,True,True,1.89,1.29,False
PJM,2021,40,4886.2,272,18511.2,259.22,246.4,True,99.1,96.2,True,True,True,True,1.78,0.95,False
PJM,2022,32,3070.8,153,20329.0,297.69,282.03,True,99.1,96.2,True,True,True,True,1.0,1.05,False
PJM,2023,62,4973.9,300,24632.9,286.7,254.72,True,99.1,96.2,True,True,True,True,1.97,1.27,False
PJM,2024,60,4788.3,821,67652.8,211.46,187.46,True,99.1,96.2,True,True,True,True,5.38,3.48,True
PJM,2025,47,2630.5,655,78516.8,144.28,130.61,True,99.1,96.2,True,True,True,True,4.3,4.04,True
PJM,2026,0,0.0,11,796.2,,,,99.1,96.2,False,True,False,True,0.07,0.04,False
ERCOT,2000,0,0.0,0,0.0,,,,82.1,39.8,False,False,True,False,0.0,0.0,False
ERCOT,2001,0,0.0,0,0.0,,,,82.1,39.8,False,False,True,False,0.0,0.0,False
ERCOT,2002,0,0.0,0,0.0,,,,82.1,39.8,False,False,True,False,0.0,0.0,False
ERCOT,2003,0,0.0,0,0.0,,,,82.1,39.8,False,False,True,False,0.0,0.0,False
ERCOT,2004,0,0.0,0,0.0,,,,82.1,39.8,False,False,True,False,0.0,0.0,False
ERCOT,2005,0,0.0,0,0.0,,,,82.1,39.8,False,False,True,False,0.0,0.0,False
ERCOT,2006,0,0.0,0,0.0,,,,82.1,39.8,False,False,True,False,0.0,0.0,False
ERCOT,2007,0,0.0,0,0.0,,,,82.1,39.8,False,False,True,False,0.0,0.0,False
ERCOT,2008,0,0.0,0,0.0,,,,82.1,39.8,False,False,True,False,0.0,0.0,False
ERCOT,2009,0,0.0,0,0.0,,,,82.1,39.8,False,False,True,False,0.0,0.0,False
ERCOT,2010,0,0.0,0,0.0,,,,82.1,39.8,False,False,True,False,0.0,0.0,False
ERCOT,2011,0,0.0,0,0.0,,,,82.1,39.8,False,False,True,False,0.0,0.0,False
ERCOT,2012,6,585.0,0,0.0,,,,82.1,39.8,True,False,True,False,0.0,0.0,False
ERCOT,2013,7,1783.0,0,0.0,,,,82.1,39.8,True,False,True,False,0.0,0.0,False
ERCOT,2014,16,4123.0,0,0.0,61.46,61.46,False,82.1,39.8,True,False,True,False,0.0,0.0,False
ERCOT,2015,21,4570.0,0,0.0,61.14,61.14,False,82.1,39.8,True,False,True,False,0.0,0.0,False
ERCOT,2016,18,3250.9,0,0.0,59.9,59.9,False,82.1,39.8,True,False,True,False,0.0,0.0,False
ERCOT,2017,26,5943.9,0,0.0,68.32,68.32,False,82.1,39.8,True,False,True,False,0.0,0.0,False
ERCOT,2018,16,2949.3,22,7745.7,69.26,69.26,False,82.1,39.8,True,True,True,False,0.3,0.57,False
ERCOT,2019,21,3413.2,73,15634.6,87.96,87.96,False,82.1,39.8,True,True,True,True,1.01,1.16,False
ERCOT,2020,17,2278.5,88,15900.6,108.15,100.51,True,82.1,39.8,True,True,True,True,1.21,1.17,False
ERCOT,2021,51,9248.9,68,9835.5,148.0,133.8,True,82.1,39.8,True,True,True,True,0.94,0.73,False
ERCOT,2022,61,6971.0,57,10670.4,218.13,184.34,True,82.1,39.8,True,True,True,True,0.79,0.79,False
ERCOT,2023,79,9622.0,72,11432.1,269.18,229.4,True,82.1,39.8,True,True,True,True,0.99,0.84,False
ERCOT,2024,104,14239.6,88,16216.1,346.06,311.28,True,82.1,39.8,True,True,True,True,1.21,1.2,False
ERCOT,2025,76,9222.9,96,16856.8,408.0,363.63,True,82.1,39.8,True,True,True,True,1.32,1.25,False
ERCOT,2026,0,0.0,0,0.0,,,,82.1,39.8,False,False,False,True,0.0,0.0,False
MISO,2000,1,51.0,0,0.0,,,,97.1,91.7,True,False,True,False,0.0,0.0,False
MISO,2001,5,440.0,0,0.0,,,,97.1,91.7,True,False,True,False,0.0,0.0,False
MISO,2002,11,597.0,26,9476.0,,,,97.1,91.7,True,True,True,False,0.39,0.65,False
MISO,2003,27,4813.0,71,19131.0,,,,97.1,91.7,True,True,True,False,1.08,1.31,False
MISO,2004,21,3731.0,43,8956.5,,,,97.1,91.7,True,True,True,False,0.65,0.61,False
MISO,2005,30,1977.0,33,7268.1,,,,97.1,91.7,True,True,True,False,0.5,0.5,False
MISO,2006,24,4150.0,28,6522.3,,,,97.1,91.7,True,True,True,False,0.42,0.45,False
MISO,2007,44,4523.7,27,4184.0,,,,97.1,91.7,True,True,True,False,0.41,0.29,False
MISO,2008,34,3506.7,55,18014.0,,,,97.1,91.7,True,True,True,False,0.83,1.23,False
MISO,2009,22,2122.9,63,15400.0,,,,97.1,91.7,True,True,True,False,0.95,1.05,False
MISO,2010,27,2124.0,73,14219.1,,,,97.1,91.7,True,True,True,False,1.11,0.97,False
MISO,2011,23,1389.2,124,23601.4,,,,97.1,91.7,True,True,True,False,1.88,1.62,False
MISO,2012,7,1210.2,140,28160.5,,,,97.1,91.7,True,True,True,False,2.12,1.93,False
MISO,2013,8,706.5,59,9431.4,,,,97.1,91.7,True,True,True,False,0.89,0.65,False
MISO,2014,11,1379.0,61,11913.4,42.11,42.11,False,97.1,91.7,True,True,True,False,0.92,0.82,False
MISO,2015,12,1631.7,62,12764.6,44.59,44.59,False,97.1,91.7,True,True,True,False,0.94,0.87,False
MISO,2016,26,6730.9,50,15004.0,61.52,61.52,False,97.1,91.7,True,True,True,False,0.76,1.03,False
MISO,2017,17,3049.8,167,29086.2,55.27,55.27,False,97.1,91.7,True,True,True,False,2.53,1.99,False
MISO,2018,24,4040.4,69,13029.3,76.71,76.71,False,97.1,91.7,True,True,True,False,1.05,0.89,False
MISO,2019,27,5297.6,172,27741.3,80.17,80.17,False,97.1,91.7,True,True,True,True,2.61,1.9,False
MISO,2020,32,6249.6,187,29306.8,93.17,90.49,True,97.1,91.7,True,True,True,True,2.83,2.01,False
MISO,2021,20,3917.5,179,23565.5,165.56,155.25,True,97.1,91.7,True,True,True,True,2.71,1.61,False
MISO,2022,19,3454.8,46,7521.4,335.97,296.61,True,97.1,91.7,True,True,True,True,0.7,0.51,False
MISO,2023,15,1888.9,268,41891.6,311.47,276.45,True,97.1,91.7,True,True,True,True,4.06,2.87,True
MISO,2024,10,2136.4,87,12544.7,447.51,397.05,True,97.1,91.7,True,True,True,True,1.32,0.86,False
MISO,2025,0,0.0,938,171736.9,382.18,350.1,True,97.1,91.7,False,True,True,True,14.21,11.75,True
MISO,2026,0,0.0,33,10608.0,,,,97.1,91.7,False,True,False,True,0.5,0.73,False
SPP,2000,0,0.0,0,0.0,,,,98.4,68.1,False,False,True,False,0.0,0.0,False
SPP,2001,0,0.0,0,0.0,,,,98.4,68.1,False,False,True,False,0.0,0.0,False
SPP,2002,2,119.0,0,0.0,,,,98.4,68.1,True,False,True,False,0.0,0.0,False
SPP,2003,5,356.2,0,0.0,,,,98.4,68.1,True,False,True,False,0.0,0.0,False
SPP,2004,0,0.0,7,2767.0,,,,98.4,68.1,True,True,True,False,0.17,0.43,False
SPP,2005,10,782.3,3,658.0,,,,98.4,68.1,True,True,True,False,0.07,0.1,False
SPP,2006,8,1052.2,4,620.0,,,,98.4,68.1,True,True,True,False,0.1,0.1,False
SPP,2007,10,1705.5,0,0.0,,,,98.4,68.1,True,True,True,False,0.0,0.0,False
SPP,2008,9,1641.6,0,0.0,,,,98.4,68.1,True,True,True,False,0.0,0.0,False
SPP,2009,11,1749.2,2,237.0,,,,98.4,68.1,True,True,True,False,0.05,0.04,False
SPP,2010,6,1052.6,4,857.0,,,,98.4,68.1,True,True,True,False,0.1,0.13,False
SPP,2011,11,1347.9,31,5447.2,,,,98.4,68.1,True,True,True,False,0.74,0.84,False
SPP,2012,27,4396.0,25,5520.7,,,,98.4,68.1,True,True,True,False,0.6,0.85,False
SPP,2013,11,685.4,28,4320.9,,,,98.4,68.1,True,True,True,False,0.67,0.67,False
SPP,2014,17,2101.3,47,7718.4,18.55,18.55,False,98.4,68.1,True,True,True,False,1.12,1.19,False
SPP,2015,25,2664.9,51,8516.9,24.16,24.16,False,98.4,68.1,True,True,True,False,1.21,1.31,False
SPP,2016,20,3541.3,47,9220.6,37.81,37.81,False,98.4,68.1,True,True,True,False,1.12,1.42,False
SPP,2017,8,1592.3,49,8042.7,72.57,72.57,False,98.4,68.1,True,True,True,False,1.17,1.24,False
SPP,2018,15,2687.9,52,11878.3,85.71,85.71,False,98.4,68.1,True,True,True,False,1.24,1.83,False
SPP,2019,9,1622.1,46,6247.6,90.19,90.19,False,98.4,68.1,True,True,True,True,1.1,0.96,False
SPP,2020,28,4291.7,71,11281.3,96.31,92.73,True,98.4,68.1,True,True,True,True,1.69,1.74,False
SPP,2021,17,3272.9,38,6746.9,105.6,102.34,True,98.4,68.1,True,True,True,True,0.9,1.04,False
SPP,2022,9,3177.2,134,23549.9,108.8,104.1,True,98.4,68.1,True,True,True,True,3.19,3.62,True
SPP,2023,6,1334.6,257,50688.3,144.93,133.18,True,98.4,68.1,True,True,True,True,6.12,7.8,True
SPP,2024,11,1537.5,137,27614.5,142.43,128.73,True,98.4,68.1,True,True,True,True,3.26,4.25,True
SPP,2025,9,1413.7,280,65049.4,171.16,151.15,True,98.4,68.1,True,True,True,True,6.67,10.01,True
SPP,2026,0,0.0,1,200.0,,,,98.4,68.1,False,True,False,True,0.02,0.03,False
